feature_name,full_avg_max_corr,extreme_avg_max_corr,full_max_max_corr,extreme_max_max_corr,full_avg_all_windows,extreme_avg_all_windows,extreme_lift
mom_strength_1440,0.13573465375224217,0.25029196033838613,0.4887544016364037,0.7443882039613887,0.13333677831517066,0.2478842899682267,0.11455730658614396
reg_rmse_2880,0.1429699208231118,0.2573242155250934,0.4069804976615018,0.7426878842640092,0.14032660041654102,0.254843907814149,0.11435429470198158
reg_resid_std_2880,0.1429699208231118,0.2573242155250934,0.40698049766150196,0.7426878842640092,0.14032660041654102,0.254843907814149,0.11435429470198158
reg_std_2880,0.14296992082311183,0.2573242155250933,0.40698049766150185,0.7426878842640092,0.140326600416541,0.25484390781414906,0.1143542947019815
agg_std_2880,0.14296992082311186,0.2573242155250933,0.4069804976615017,0.7426878842640091,0.14032660041654102,0.25484390781414906,0.11435429470198147
vol_atr_720,0.1772698597375049,0.2903236478617217,0.46206655654065387,0.6886501653808401,0.17412379660166447,0.28772904048797265,0.11305378812421682
reg_resid_max_2880,0.13254146287357702,0.24235798900213387,0.37574411141234565,0.6007480890325949,0.12749389370778916,0.23887689334322282,0.10981652612855686
reg_rmse_1440,0.13400721661707446,0.2418670082304597,0.3840749289283706,0.6819366889320695,0.1308334832389785,0.239187023544748,0.10785979161338524
agg_std_1440,0.13400721661707443,0.24186700823045967,0.38407492892837036,0.6819366889320696,0.13083348323897845,0.2391870235447479,0.10785979161338524
reg_std_1440,0.13400721661707446,0.2418670082304597,0.3840749289283705,0.6819366889320696,0.13083348323897848,0.23918702354474797,0.10785979161338524
reg_resid_std_1440,0.13400721661707446,0.24186700823045965,0.38407492892837053,0.6819366889320697,0.1308334832389785,0.23918702354474794,0.10785979161338519
reg_resid_max_1440,0.12636510045205201,0.23393996343200776,0.3578944316596292,0.5796472667574152,0.12067718472304018,0.23033140249927056,0.10757486297995575
mom_strength_720,0.1294615480690682,0.23580569207276855,0.4621105721224775,0.6988810789846517,0.12654992221946249,0.23324797949154713,0.10634414400370035
agg_range_2880,0.1478743607838457,0.2537582796224921,0.42012003885705446,0.6456188019573564,0.14512348735222033,0.2511823931580377,0.1058839188386464
agg_range_1440,0.1401187700607734,0.24440424698244537,0.39209647497436756,0.604325186884745,0.13686892357706623,0.24169344685600463,0.10428547692167198
reg_resid_max_720,0.11634232788341707,0.2190593545166467,0.3203078080719366,0.5363135669474897,0.11158858257399257,0.21573637721767,0.10271702663322964
vol_atr_360,0.1595205517979409,0.26126883060113093,0.42472509588958673,0.6100478293722589,0.15627221527762392,0.25862741376298515,0.10174827880319004
agg_std_720,0.11954661109454981,0.2212878020673321,0.33023416185843074,0.5911085257475801,0.11644045246287824,0.21872097978886226,0.10174119097278228
reg_resid_std_720,0.11954661109454981,0.2212878020673321,0.3302341618584308,0.5911085257475802,0.11644045246287826,0.2187209797888623,0.10174119097278228
vol_realized_720,0.11954661109454982,0.22128780206733203,0.33023416185843085,0.5911085257475802,0.11644045246287825,0.21872097978886232,0.10174119097278221
reg_std_720,0.11954661109454981,0.221287802067332,0.3302341618584308,0.5911085257475802,0.11644045246287825,0.21872097978886232,0.1017411909727822
reg_rmse_720,0.11954661109454981,0.22128780206733198,0.3302341618584308,0.5911085257475802,0.11644045246287828,0.21872097978886232,0.10174119097278217
agg_range_720,0.1273391091369357,0.22856796445287642,0.3618999837402983,0.5544010611267847,0.12392644824074181,0.2258175704748575,0.10122885531594072
mom_strength_360,0.11373755441103417,0.21250271300383844,0.3638182554207446,0.5989643462135084,0.11094872543682661,0.21000424357409975,0.09876515859280427
reg_resid_max_360,0.10772063210525908,0.20427804654828782,0.29784823160662705,0.4931729298970105,0.10390131283086337,0.20138943667200465,0.09655741444302875
agg_range_360,0.11577476903522502,0.2120505843623835,0.3323928466056071,0.5082289707490882,0.11247266566517082,0.2094123068911973,0.09627581532715848
reg_std_360,0.10743736344016983,0.20205384295910006,0.2888027977666544,0.5150032259003443,0.10445670779626388,0.19959042512874023,0.09461647951893024
reg_rmse_360,0.10743736344016983,0.20205384295910003,0.28880279776665463,0.5150032259003443,0.10445670779626384,0.19959042512874023,0.09461647951893021
agg_std_360,0.1074373634401698,0.2020538429591,0.2888027977666545,0.5150032259003443,0.10445670779626387,0.1995904251287402,0.09461647951893021
reg_resid_std_360,0.1074373634401698,0.20205384295909998,0.2888027977666546,0.5150032259003443,0.10445670779626384,0.19959042512874026,0.09461647951893018
vol_realized_360,0.1074373634401698,0.20205384295909995,0.28880279776665463,0.5150032259003443,0.10445670779626387,0.19959042512874012,0.09461647951893015
reg_resid_min_2880,0.14296741172883737,0.2373384384652542,0.4190849206319281,0.5707848172898102,0.13732531412446763,0.2340345647085373,0.09437102673641684
vol_atr_180,0.1461269364825896,0.23928471357702163,0.387787792417236,0.5338430005102709,0.14294892497978948,0.23663241326117904,0.09315777709443204
reg_resid_max_180,0.10157176623016936,0.193799280713388,0.28171602315387084,0.4627028597110892,0.09841560414468306,0.1912463401651321,0.09222751448321864
agg_range_180,0.1075795247333854,0.19962895843735567,0.30607104188290124,0.47547202888979745,0.1044814672493323,0.19706058289955153,0.09204943370397027
reg_resid_min_1440,0.13315022505767501,0.22489591357831376,0.3878680866035714,0.5314463506501949,0.12734970038935942,0.2213085621280251,0.09174568852063875
mom_strength_180,0.1007647390042682,0.1911211765668233,0.2918661637411494,0.5018260899270943,0.09807225185786327,0.18883637277500778,0.09035643756255508
vol_of_vol_720,0.11505020168971018,0.20524254071062756,0.3236294670519888,0.5091678829848102,0.11198867188162366,0.20268371314518552,0.09019233902091738
reg_resid_min_720,0.12055201710847309,0.20960409385185175,0.35235288938049225,0.49563578599838753,0.11524627243672443,0.2061691307836818,0.08905207674337866
agg_range_90,0.10141599273119623,0.1895294268118164,0.2893187627239937,0.44880248676885065,0.09859930055555004,0.18716709734565126,0.08811343408062017
vol_realized_180,0.09805215765123548,0.18589914731601864,0.2714952921908987,0.4597307109046956,0.09529099626648149,0.1835649110195594,0.08784698966478316
reg_resid_std_180,0.0980521576512355,0.18589914731601861,0.27149529219089874,0.45973071090469547,0.09529099626648146,0.1835649110195594,0.08784698966478312
reg_rmse_180,0.0980521576512355,0.18589914731601856,0.27149529219089874,0.4597307109046957,0.09529099626648146,0.18356491101955938,0.08784698966478306
reg_std_180,0.09805215765123551,0.18589914731601856,0.27149529219089874,0.4597307109046956,0.09529099626648148,0.18356491101955938,0.08784698966478305
agg_std_180,0.09805215765123548,0.18589914731601853,0.27149529219089874,0.4597307109046957,0.0952909962664815,0.1835649110195593,0.08784698966478305
reg_resid_max_90,0.09641448134934115,0.1842369764166587,0.27014913898513737,0.43651883318750634,0.09360173893861298,0.1819182654584249,0.08782249506731755
reg_resid_var_2880,0.11354260920657236,0.20131926023573846,0.3622166781774857,0.6590373485822145,0.11061580002910296,0.1988141824039397,0.0877766510291661
reg_total_var_2880,0.11354277843374826,0.20131897099407794,0.36221663934057613,0.6590373485822142,0.11061595815839723,0.1988139993703017,0.08777619256032969
vol_atr_90,0.13705463300102091,0.22399559310983494,0.3620060289049803,0.4817953230813592,0.13399483796131126,0.2214136457643036,0.08694096010881402
reg_resid_min_360,0.10935187077091474,0.19568758239608175,0.3183085888783807,0.4680041221356683,0.1049580021807973,0.19227322663476415,0.08633571162516701
agg_range_45,0.09716992487420605,0.1819037874068486,0.2791168188625381,0.4288952007455357,0.09453409890983125,0.17965465949965057,0.08473386253264255
reg_resid_min_180,0.10212629679639872,0.18597745436064372,0.29158903521595864,0.4503768378562757,0.09849011156170763,0.1830083698816427,0.08385115756424501
reg_resid_max_45,0.09197423709335271,0.17508197158236202,0.2621296657260459,0.4107199291646425,0.08936502154691771,0.17292859368243393,0.08310773448900931
vol_atr_45,0.13067995549388076,0.21289112660828927,0.3446304547611419,0.46141729548496013,0.12772654749245355,0.21039188003674283,0.08221117111440851
agg_std_90,0.09138854478255676,0.17318417676910466,0.26188984643700197,0.4164682010961803,0.08880398874510016,0.17102758248004948,0.0817956319865479
reg_rmse_90,0.09138854478255677,0.17318417676910464,0.2618898464370019,0.41646820109618043,0.08880398874510013,0.17102758248004948,0.08179563198654786
reg_resid_std_90,0.09138854478255679,0.17318417676910464,0.2618898464370019,0.4164682010961803,0.08880398874510013,0.1710275824800495,0.08179563198654785
vol_realized_90,0.0913885447825568,0.1731841767691046,0.26188984643700197,0.4164682010961803,0.08880398874510015,0.17102758248004954,0.08179563198654781
reg_std_90,0.09138854478255679,0.17318417676910458,0.2618898464370019,0.4164682010961804,0.08880398874510015,0.1710275824800495,0.0817956319865478
reg_resid_min_90,0.09689214455484002,0.17852209187000498,0.27622157037975553,0.4316587722347343,0.09380482055287441,0.1759328125781523,0.08162994731516496
mom_strength_90,0.08958908424647982,0.17104873703735185,0.2485667111317969,0.4362479754856668,0.08709098184685059,0.16890631040714807,0.08145965279087203
reg_resid_var_1440,0.10138004021786354,0.18265785028656636,0.3164010245371358,0.5549103392048672,0.09792454879104806,0.1797745675347488,0.08127781006870283
reg_total_var_1440,0.10138012652362628,0.18265768396367865,0.31640103555420723,0.5549103392048664,0.0979246828304757,0.17977440241327788,0.08127755744005237
vol_of_vol_360,0.09559940935074986,0.17449069776448276,0.2727511440217209,0.42819968640871775,0.09272846557960142,0.17202450496491847,0.0788912884137329
agg_std_45,0.08856525472827682,0.16735033501352362,0.25648343963901377,0.40163918300338597,0.08612253384465975,0.1653102743956623,0.07878508028524679
reg_resid_std_45,0.08856525472827684,0.16735033501352362,0.25648343963901377,0.401639183003386,0.08612253384465975,0.1653102743956622,0.07878508028524678
reg_std_45,0.08856525472827685,0.16735033501352362,0.25648343963901377,0.401639183003386,0.08612253384465972,0.1653102743956623,0.07878508028524676
reg_rmse_45,0.08856525472827684,0.1673503350135236,0.2564834396390138,0.40163918300338586,0.08612253384465973,0.1653102743956623,0.07878508028524675
vol_realized_45,0.08856525472827684,0.16735033501352356,0.25648343963901377,0.40163918300338586,0.08612253384465972,0.16531027439566223,0.07878508028524672
reg_resid_min_45,0.09219657451318751,0.17096880050824453,0.26690511808982553,0.4111599802518614,0.08951742951503724,0.16868478411464527,0.07877222599505702
mom_strength_45,0.08371317190297302,0.15977391205468008,0.24123445990688538,0.3877990238744394,0.08133875779467435,0.15779530608542225,0.07606074015170707
reg_total_var_720,0.08773844948430758,0.16234001964268266,0.26252870814312895,0.421192550657662,0.08453138159816308,0.15950759473365933,0.07460157015837508
reg_resid_var_720,0.08773837294135797,0.16233982107144473,0.262528117269474,0.4211925506576622,0.08453127527550502,0.1595073957443929,0.07460144813008676
vol_of_vol_180,0.08188116833321632,0.15361285911767186,0.23593612729330163,0.3770256527047647,0.07937534673429987,0.1513203576418231,0.07173169078445554
reg_range_pct_2880,0.06908781469402078,0.1399418585395361,0.38212078892529994,0.6424964233207916,0.06776971986266798,0.13869648047614314,0.07085404384551533
reg_max_2880,0.5645682539494131,0.6341839734170994,0.9998296799489597,0.9999552004978437,0.5601931663037175,0.6317213893389088,0.0696157194676863
agg_max_2880,0.564568253949413,0.6341839734170993,0.9998296799489597,0.9999552004978438,0.5601931663037178,0.6317213893389084,0.0696157194676863
reg_range_pct_1440,0.06618904908838892,0.1337757856700492,0.36131265543891244,0.5907889600210376,0.06464035910586227,0.13243580630340002,0.06758673658166027
agg_sum_2880,0.49886913707377817,0.5661068754407562,0.9949132228588473,0.9999999808918026,0.49076468491310404,0.561092989154721,0.06723773836697805
vol_of_vol_90,0.07377389062772467,0.1405812517879929,0.20947212835774803,0.35161138497377886,0.07154416107849099,0.13853005234203766,0.06680736116026824
reg_max_1440,0.5626726850195798,0.6290804139365713,0.9999041376901678,0.9999781662198269,0.5575733171786985,0.6263384893057258,0.06640772891699154
agg_max_1440,0.5626726850195799,0.6290804139365713,0.999904137690168,0.9999781662198268,0.5575733171786984,0.6263384893057259,0.06640772891699143
vol_range_pct_720,0.05983042365740731,0.12485710782252415,0.32337634255121633,0.5381676005742648,0.058284311961172425,0.12355834300821493,0.06502668416511684
reg_range_pct_720,0.0598304236574073,0.1248571078225241,0.3233763425512163,0.5381676005742647,0.058284311961172425,0.12355834300821494,0.0650266841651168
agg_position_2880,0.0485734357596979,0.11344084038518071,0.10812476374478652,0.2552724887437204,0.03643626792355677,0.10585654655591886,0.06486740462548281
reg_total_var_360,0.07491685038157077,0.13783949023885553,0.22017293622578532,0.3330866815512038,0.0720586487283589,0.13504712606358948,0.06292263985728476
reg_resid_var_360,0.07491677478231602,0.13783935032961392,0.22017248011605753,0.3330866815512027,0.07205854082419326,0.13504698557379938,0.0629225755472979
reg_max_720,0.5579662237105487,0.6201146354441995,0.999946814965053,0.9999877375872661,0.5532991148513304,0.6173696061698566,0.06214841173365082
agg_max_720,0.5579662237105487,0.6201146354441993,0.999946814965053,0.9999877375872661,0.5532991148513307,0.6173696061698564,0.0621484117336506
reg_range_pct_360,0.054384635386412424,0.11592239164155739,0.28899566165461016,0.49043131775411497,0.05286813871761613,0.11464334473872201,0.06153775625514497
vol_range_pct_360,0.054384635386412424,0.11592239164155738,0.2889956616546102,0.4904313177541149,0.052868138717616114,0.11464334473872201,0.06153775625514495
vol_of_vol_45,0.06705729905732871,0.1285336083997144,0.18832481287560818,0.3236782245310266,0.06507377397770085,0.12671496919129016,0.06147630934238568
agg_cv_2880,0.05710339017034213,0.11840131978963195,0.3232804976309941,0.560943688781531,0.05579006804218021,0.11726671156831579,0.061297929619289815
agg_cv_1440,0.05439091810145198,0.11410517838960803,0.304258039337278,0.5221247171037003,0.052863538811888176,0.11279007811840444,0.059714260288156046
reg_min_2880,0.5710435035595984,0.6298628154675678,0.999796087424098,0.9999343866145386,0.5674093931015425,0.6279536962661898,0.05881931190796941
agg_min_2880,0.5710435035595987,0.629862815467568,0.9997960874240982,0.9999343866145384,0.5674093931015428,0.6279536962661897,0.058819311907969296
reg_min_1440,0.5660017472557305,0.6247708915709924,0.999890189613755,0.9999659288951627,0.5616681323438456,0.6224667965440582,0.05876914431526192
agg_min_1440,0.5660017472557307,0.6247708915709924,0.9998901896137551,0.9999659288951624,0.561668132343846,0.622466796544058,0.0587691443152617
agg_cv_720,0.04983179693463356,0.10827752461626283,0.2694553563664838,0.47082992754720093,0.048416957890457725,0.10704070179428464,0.05844572768162927
vol_normalized_720,0.04983179693463355,0.10827752461626282,0.2694553563664838,0.4708299275472008,0.04841695789045774,0.10704070179428467,0.05844572768162927
reg_range_pct_180,0.05046827635859618,0.10876165784583525,0.26346633632601557,0.45364854028209894,0.0490622312353523,0.10752999018728075,0.05829338148723907
vol_range_pct_180,0.050468276358596194,0.10876165784583522,0.26346633632601557,0.45364854028209906,0.04906223123535231,0.10752999018728074,0.058293381487239025
reg_min_720,0.5593656455942272,0.617105030124683,0.9999396081877051,0.9999864020261461,0.5547365959292555,0.6144919834467077,0.057739384530455795
agg_min_720,0.5593656455942274,0.6171050301246829,0.9999396081877053,0.9999864020261462,0.5547365959292556,0.614491983446708,0.05773938453045546
agg_max_360,0.5526727348036626,0.6094038420699524,0.9999712801958841,0.9999929916649625,0.5485666426170076,0.6068858694638388,0.056731107266289715
reg_max_360,0.5526727348036625,0.6094038420699521,0.999971280195884,0.9999929916649625,0.5485666426170079,0.6068858694638389,0.056731107266289604
agg_cv_360,0.04640928266191922,0.1025288571957052,0.24538337680075378,0.43365143183721505,0.04506052655385272,0.10132976306605453,0.056119574533785986
vol_normalized_360,0.04640928266191922,0.10252885719570519,0.24538337680075378,0.433651431837215,0.04506052655385271,0.10132976306605453,0.05611957453378597
agg_min_360,0.5527133595102289,0.6084381198760804,0.9999676661530136,0.9999926532956083,0.5482556046200342,0.6056850700955604,0.0557247603658515
reg_min_360,0.5527133595102292,0.6084381198760802,0.9999676661530135,0.9999926532956085,0.5482556046200342,0.6056850700955606,0.055724760365851056
vol_range_pct_90,0.0480693478202349,0.10360637165166083,0.24768844438273122,0.4304456420561429,0.04676779926822317,0.10245425806534582,0.055537023831425926
reg_range_pct_90,0.04806934782023491,0.10360637165166084,0.2476884443827313,0.43044564205614283,0.04676779926822318,0.10245425806534582,0.055537023831425926
agg_cv_180,0.04405059684431925,0.09771840632730301,0.22961479103827923,0.40803510764008327,0.042775169451796415,0.0965913882377834,0.05366780948298376
vol_normalized_180,0.044050596844319244,0.097718406327303,0.22961479103827923,0.4080351076400833,0.042775169451796415,0.09659138823778342,0.053667809482983754
vol_range_pct_45,0.0463004580333631,0.0996311497851921,0.23646026171911952,0.41211986105123516,0.04506916476036955,0.09855775992467704,0.053330691751828994
reg_range_pct_45,0.04630045803336311,0.09963114978519207,0.23646026171911955,0.412119861051235,0.04506916476036954,0.09855775992467705,0.05333069175182896
agg_min_180,0.5478102343301746,0.5998851428354979,0.999983001154321,0.9999959926399745,0.5432965553377339,0.5970648424487572,0.05207490850532326
reg_min_180,0.5478102343301745,0.5998851428354977,0.9999830011543213,0.9999959926399741,0.5432965553377338,0.597064842448757,0.05207490850532315
agg_max_180,0.5479172221393593,0.5997151277498302,0.9999847517621449,0.99999601011471,0.544178702003027,0.5973445201392023,0.05179790561047082
reg_max_180,0.5479172221393596,0.5997151277498299,0.9999847517621449,0.99999601011471,0.544178702003027,0.5973445201392025,0.051797905610470374
agg_cv_90,0.04276515717868755,0.09437664015722415,0.22044088512564167,0.39234566797447706,0.04155478162093539,0.09331885972486341,0.0516114829785366
vol_normalized_90,0.04276515717868755,0.09437664015722412,0.22044088512564167,0.3923456679744771,0.041554781620935365,0.09331885972486341,0.05161148297853657
reg_total_var_180,0.062323590386213296,0.1133740715265159,0.1797705488709171,0.26439470305334806,0.05978684493065523,0.11082733793166041,0.0510504811403026
reg_resid_var_180,0.06232350508849289,0.11337396962652999,0.17977016479232405,0.26439470305334756,0.05978674851082981,0.1108272359339093,0.0510504645380371
der_v1_2880,0.04075762848897185,0.09145239647643844,0.12143062908817744,0.2492298306693191,0.03131173028413389,0.08533847429535896,0.05069476798746658
agg_cv_45,0.04190123983022994,0.09210093124348163,0.21525139396818097,0.3826393433626372,0.04077401464036711,0.0911033079567662,0.050199691413251694
vol_normalized_45,0.04190123983022995,0.09210093124348157,0.215251393968181,0.3826393433626371,0.04077401464036711,0.0911033079567662,0.05019969141325162
reg_zscore_2880,0.03748140263224019,0.08688910253334275,0.10528185027678218,0.2133599234444854,0.025961380268638003,0.07941132989541205,0.04940769990110257
mom_pos_count_1440,0.048719517318049424,0.09736940813981074,0.11243045845579108,0.2524363806699506,0.03810059384291467,0.09135235897808895,0.04864989082176131
reg_direction_2880,0.03550458469801179,0.08403027224190952,0.11280712796058752,0.2222693796060993,0.02853440569487034,0.07976342486531594,0.04852568754389773
reg_mean_2880,0.5353054734063158,0.5828025839868493,0.9999999730924645,0.9999999907941276,0.5270493245642844,0.5777773430483498,0.04749711058053341
agg_mean_2880,0.5353054734063162,0.5828025839868491,0.9999999730924646,0.9999999907941276,0.5270493245642843,0.5777773430483498,0.047497110580532964
pos_1440,0.036943690886291944,0.08409376415859174,0.08421926811756529,0.21456013794649398,0.0247080302538879,0.07573513617309076,0.047150073272299795
agg_position_1440,0.036943690886291944,0.08409376415859172,0.0842192681175653,0.2145601379464939,0.024708030253887903,0.07573513617309077,0.04715007327229978
reg_min_90,0.5419557431355307,0.588485951632889,0.9999912125104998,0.9999975881566436,0.5373705512079914,0.5856420127291652,0.04653020849735823
agg_min_90,0.541955743135531,0.5884859516328891,0.9999912125104998,0.9999975881566437,0.5373705512079914,0.5856420127291654,0.046530208497358116
reg_slope_2880,0.01795361497926979,0.06392548945778741,0.06354075753175287,0.22497015089701994,0.008630732541393436,0.05601495218905905,0.04597187447851762
reg_resid_last_2880,0.037673104499972354,0.08301562951037693,0.1056720306037993,0.22141128536571536,0.026042930108313014,0.07471404494870842,0.045342525010404575
reg_deviation_2880,0.03767310449997235,0.08301562951037689,0.10567203060379932,0.22141128536571542,0.026042930108313017,0.07471404494870842,0.04534252501040454
reg_max_90,0.541866852927267,0.5870215767800061,0.9999921756262214,0.9999976940824609,0.5382736545105095,0.584692013768475,0.04515472385273911
agg_max_90,0.5418668529272671,0.587021576780006,0.9999921756262213,0.999997694082461,0.5382736545105092,0.5846920137684748,0.04515472385273889
agg_sum_1440,0.505219361390047,0.549494982718068,0.9974276171743715,0.999999956561153,0.4975175661457488,0.5434660587778243,0.044275621328020986
reg_resid_var_90,0.05196059105488177,0.09287538518842918,0.14367006962130732,0.21041266923720733,0.04978402274073035,0.09067389590329264,0.04091479413354741
reg_total_var_90,0.051960705064804116,0.09287537090170092,0.1436704228462714,0.21041266923720728,0.04978414262408237,0.09067388291893497,0.040914665836896805
reg_direction_1440,0.028582352371288477,0.06602680989468661,0.08129908228728436,0.18565836348809914,0.020547248514533625,0.060799257794233404,0.03744445752339813
agg_min_45,0.5335788223339721,0.5709917186007072,0.9999954508275676,0.999998526875013,0.5288495510516926,0.5680537830473681,0.03741289626673505
reg_min_45,0.533578822333972,0.5709917186007069,0.9999954508275676,0.9999985268750129,0.5288495510516923,0.5680537830473686,0.03741289626673483
mom_dir_1440,0.02861034370075874,0.06598888748763017,0.08145641875376113,0.18539144135950067,0.020558289761044523,0.060763232702682655,0.03737854378687143
dir_1440,0.02861034370075874,0.06598888748763017,0.08145641875376111,0.1853914413595006,0.02055828976104453,0.06076323270268264,0.03737854378687143
reg_zscore_1440,0.028708647486376762,0.06515383903662002,0.07348209299573834,0.16246488274797458,0.017695065457557897,0.05750654084032356,0.036445191550243256
zscore_1440,0.028708647486376766,0.06515383903661996,0.07348209299573837,0.1624648827479746,0.017695065457557897,0.05750654084032356,0.0364451915502432
mom_pos_count_720,0.03523803075637041,0.07165838221577438,0.08405406234510661,0.18441472136426076,0.024396221692881713,0.06485916713790364,0.03642035145940397
mom_diff_1440,0.030815121036005623,0.06721598787810307,0.08675203660540413,0.17962968845828842,0.020945002282662408,0.05962205326304932,0.036400866842097444
der_v1_1440,0.030815123838309654,0.0672159092369863,0.0867520366054041,0.17962968845828842,0.020945004072549345,0.05962197461933721,0.03640078539867664
mom_roc_smooth_1440,0.0275307692746025,0.06304155840248418,0.08683817654350316,0.1851598197671233,0.020106101115978672,0.05692676752076605,0.03551078912788168
reg_resid_var_45,0.04580815070249527,0.08126583111509189,0.12781933271874968,0.19313721707219514,0.043877755847438034,0.07926082837732228,0.03545768041259662
reg_total_var_45,0.04580833032991523,0.08126587262935324,0.12781979442792604,0.19313721707219533,0.043877928759284236,0.07926087067190571,0.03545754229943801
reg_max_45,0.5331694564449917,0.5682771916246903,0.9999959405202155,0.9999987367895798,0.5296347811264404,0.5659579392536148,0.03510773517969856
agg_max_45,0.533169456444992,0.5682771916246903,0.9999959405202156,0.9999987367895802,0.5296347811264401,0.5659579392536149,0.03510773517969823
reg_residual_2880,0.029853258781667794,0.06471732856234369,0.08036831151619866,0.17005818380144566,0.019443271043204813,0.05622875577488575,0.034864069780675896
agg_count_2880,0.029595167414158418,0.06444682507447513,0.058895980490527404,0.07971278566906258,0.029100776589791093,0.06392529478849397,0.03485165766031671
reg_forecast_5_2880,0.029824237698524398,0.06465037722964077,0.08027501761574396,0.16987409872196163,0.019422606262837323,0.05616259510298571,0.03482613953111638
reg_mean_1440,0.5253842180301196,0.5590884679853206,0.9999999433733524,0.9999999816368844,0.517635051677986,0.5530650834491042,0.03370424995520105
agg_mean_1440,0.5253842180301198,0.5590884679853205,0.9999999433733522,0.9999999816368846,0.5176350516779858,0.553065083449104,0.033704249955200716
mom_roc_1440,0.02558945543279649,0.058635188943944976,0.08641291536785455,0.18154782165752964,0.01803073715253658,0.052533084305479226,0.033045733511148485
reg_deviation_1440,0.028383413562298794,0.0612978709698905,0.07491873674100265,0.155222801505581,0.017585888389758636,0.052307545315681256,0.032914457407591705
reg_resid_last_1440,0.028383413562298784,0.06129787096989048,0.07491873674100265,0.15522280150558102,0.01758588838975864,0.052307545315681256,0.03291445740759169
reg_slope_1440,0.014631950583691338,0.047368734302610155,0.04951050501550777,0.16616538741788928,0.007210804383149218,0.03936149725727445,0.03273678371891882
pos_720,0.02667402130739061,0.05810524201382505,0.06263820039567199,0.17617724696576986,0.016285008726106852,0.05060792465925346,0.031431220706434435
agg_position_720,0.02667402130739061,0.058105242013825026,0.062638200395672,0.1761772469657698,0.016285008726106852,0.05060792465925347,0.03143122070643442
reg_resid_norm_2880,0.023826166926123576,0.05454584379016498,0.08061296119043034,0.17187467878091714,0.01617032788429911,0.04782248720710546,0.030719676864041402
reg_trend_str_2880,0.027151099047235124,0.05752426832474508,0.08505959728974492,0.14846234192911378,0.022776609155484087,0.054434712708239436,0.030373169277509958
reg_lin_term_2880,0.028365985045155688,0.05853876707262513,0.0893437579154166,0.158656894361374,0.023699333606143534,0.05513311520045427,0.03017278202746944
agg_sum_720,0.5074120032720268,0.5374475298746061,0.9987075846738983,0.9999999148316352,0.5010693662899738,0.5311827393559116,0.030035526602579243
reg_lin_norm_2880,0.026235910770922456,0.054797107751912974,0.08855603359084938,0.15514362375921148,0.022686484416294707,0.05230434391554609,0.02856119698099052
agg_count_1440,0.020842359951837818,0.048525487601537715,0.041997236320851644,0.05589585835415675,0.02064715174153726,0.04829320898251315,0.027683127649699896
mom_roc_smooth_720,0.020325536378797835,0.04793780393748773,0.06192267155729137,0.1361156721360828,0.014141478801575487,0.04156061370058092,0.027612267558689892
mom_pos_count_360,0.024197159863255675,0.050922840523457136,0.05503508701527981,0.13332388367596232,0.015500568547067767,0.04488292073648899,0.02672568066020146
der_v1_720,0.023342144979171354,0.04977872814214056,0.06080625157996234,0.1297749173185753,0.014274788616080008,0.04165290864301158,0.026436583162969204
mom_diff_720,0.023342147474282586,0.04977872874640083,0.06080625157996233,0.1297749173185753,0.014274790170343433,0.041652909251778454,0.026436581272118245
reg_direction_720,0.02154660647245274,0.047814382350183954,0.056635885191630306,0.13218864552838103,0.013610532558227254,0.04225124475735314,0.026267775877731214
dir_720,0.021593083828212244,0.04781336964246371,0.05684418440226124,0.13083361317863765,0.013643691071422449,0.04224866058814559,0.026220285814251464
mom_dir_720,0.02159308382821225,0.04781336964246369,0.056844184402261244,0.13083361317863762,0.013643691071422447,0.04224866058814559,0.026220285814251437
reg_residual_1440,0.022462829757891052,0.04774681927333699,0.05646681104346469,0.11675617270312516,0.013384584188059876,0.03915948215452057,0.025283989515445936
reg_forecast_5_1440,0.022419045582798967,0.047647123916452656,0.05633166332541947,0.1165087252168445,0.013357387370549957,0.03906507399930498,0.02522807833365369
reg_zscore_720,0.021233090035205113,0.04637870850773146,0.053347545556499815,0.11379802652751601,0.011923042036449887,0.03943881071044065,0.025145618472526346
zscore_720,0.02123309003520512,0.04637870850773146,0.05334754555649981,0.11379802652751601,0.011923042036449887,0.039438810710440635,0.02514561847252634
agg_mean_720,0.5181419761674783,0.5426473435583008,0.9999998869597847,0.9999999660014061,0.511766183124507,0.5363865493320364,0.02450536739082254
reg_mean_720,0.5181419761674785,0.5426473435583007,0.9999998869597846,0.999999966001406,0.511766183124507,0.5363865493320366,0.024505367390822208
reg_trend_str_1440,0.021100981412295508,0.04533778235766823,0.06383305981926836,0.11479447313478222,0.015942893866436977,0.042071864444364185,0.02423680094537272
reg_deviation_720,0.021315725922661146,0.04512823801511878,0.052941257121698525,0.1074809997495999,0.012051073031228928,0.03641693980668096,0.023812512092457636
reg_resid_last_720,0.02131572592266115,0.04512823801511878,0.052941257121698525,0.1074809997495999,0.012051073031228933,0.03641693980668097,0.023812512092457633
reg_resid_skew_2880,0.020870558122231726,0.04465057770364014,0.06640006595510682,0.14189441625613242,0.013240761037444034,0.03916324083841953,0.023780019581408417
mom_roc_720,0.018344320204243446,0.04205615645054527,0.061275650765769185,0.1307871351207173,0.012061638503907839,0.03564858615794458,0.023711836246301826
reg_slope_720,0.011170651240883735,0.034419046108271144,0.03562505704105978,0.12374840612706674,0.005398713281745274,0.02657194415132235,0.02324839486738741
reg_lin_term_1440,0.021228962240470804,0.04394549347357832,0.06422429183114298,0.11595179310396886,0.015598944889012995,0.03997206299797705,0.022716531233107514
reg_lin_norm_1440,0.019093924466909593,0.04052545497547321,0.06365945590977434,0.11785312399190981,0.014723585746526586,0.03752842998517531,0.02143153050856362
reg_resid_norm_1440,0.016941809902091345,0.03792595927697412,0.056732657632655455,0.11942689383853713,0.010863261264968687,0.031227430182252634,0.020984149374882775
pos_360,0.019235161944519776,0.03994159078076368,0.04518378361496743,0.13503852998580065,0.010980296474565375,0.033612712299151006,0.020706428836243906
agg_position_360,0.01923516194451978,0.03994159078076368,0.04518378361496742,0.13503852998580065,0.010980296474565374,0.03361271229915102,0.020706428836243903
agg_sum_360,0.5074680742364739,0.5276361624331737,0.9993530260303102,0.9999998265018027,0.5024519246587019,0.5218375787456694,0.020168088196699796
mom_roc_smooth_360,0.01453758414938759,0.03468591603861743,0.04428222719496979,0.10298145232417198,0.009673518983590397,0.028755222467269515,0.02014833188922984
agg_count_720,0.014727529897179126,0.03415227404736087,0.02976319739284856,0.03937258205150054,0.014646806435522275,0.03402996159234572,0.019424744150181743
dir_360,0.015600355106025865,0.03444460950456825,0.03810615653766586,0.09011664737991837,0.00887566535529492,0.02926373453497045,0.018844254398542384
mom_dir_360,0.015600355106025872,0.034444609504568256,0.038106156537665845,0.09011664737991838,0.00887566535529492,0.02926373453497045,0.018844254398542384
reg_direction_360,0.015567326214234338,0.03439654117468805,0.037892899040808226,0.09027686403389651,0.008855961119374981,0.02923011105969112,0.018829214960453713
mom_diff_360,0.01779466681752842,0.03637751708218323,0.043112477845132904,0.0919499518404473,0.009833931739317101,0.0285403728880276,0.01858285026465481
der_v1_360,0.017794666680838407,0.03637750591088441,0.04311247784513289,0.09194995184044732,0.009833931818578433,0.02854036180690926,0.018582839230046
reg_residual_720,0.017026002006359033,0.03503057567948014,0.04001549620687185,0.08085490438405742,0.009302920838343304,0.027066590058634463,0.018004573673121107
mom_pos_count_180,0.018215787065782155,0.03621931462108111,0.043095441919967475,0.09451962973078087,0.010781502370768468,0.030885568458070035,0.018003527555298958
reg_forecast_5_720,0.016962619255298846,0.034883084234738335,0.03982762545034646,0.08046889723909924,0.009266578932337515,0.026933744881309504,0.01792046497943949
reg_lin_term_720,0.015609132762344385,0.03340880986732846,0.0457649043606137,0.09571288248924943,0.010121592793378875,0.029069870490477788,0.01779967710498407
reg_trend_str_720,0.015060097154706529,0.032522371815733225,0.03839311893720342,0.08683089246260194,0.00996263198625753,0.029274641444950854,0.0174622746610267
reg_mean_360,0.5130287586027954,0.5303129039547735,0.999999774863698,0.9999999324262713,0.5079856567150677,0.5245161475526351,0.017284145351978086
agg_mean_360,0.5130287586027954,0.5303129039547734,0.9999997748636978,0.9999999324262712,0.5079856567150676,0.5245161475526349,0.017284145351977975
reg_zscore_360,0.015778666434706625,0.03295444568426844,0.03666658365762829,0.07499844799576083,0.008027476998631112,0.02698745002807955,0.017175779249561814
zscore_360,0.01577866643470663,0.03295444568426843,0.03666658365762829,0.07499844799576086,0.008027476998631114,0.02698745002807954,0.017175779249561804
reg_lin_norm_720,0.013643581423399756,0.03054591871660839,0.045316609973887124,0.09644506983033416,0.00945425118980745,0.02708433702733297,0.016902337293208634
reg_deviation_360,0.016144447568978936,0.032602243071746154,0.03743746424443759,0.07223620564741386,0.008327451431708696,0.02471934281062937,0.016457795502767218
reg_resid_last_360,0.016144447568978936,0.03260224307174614,0.03743746424443758,0.07223620564741387,0.008327451431708698,0.024719342810629368,0.016457795502767204
reg_slope_360,0.0083834409452253,0.02466355187260029,0.02545326032448451,0.08362840408843608,0.0038458950469207227,0.01777194258192949,0.01628011092737499
mom_roc_360,0.013030784917569973,0.028851823221959075,0.0433125267157465,0.09384055793490223,0.008162561076066338,0.02293461751993419,0.0158210383043891
mom_roc_smooth_180,0.01099612422139873,0.02546393695402732,0.031956080546965054,0.07333016826666774,0.007164133734732227,0.02028466959945588,0.014467812732628588
reg_resid_skew_1440,0.014766194390172896,0.02888772029888145,0.04107111951828541,0.08516810677336159,0.008492617923093047,0.02403899085377621,0.014121525908708554
reg_lin_term_360,0.01129450542162112,0.024986988989094787,0.03231126151542288,0.0692529652560277,0.0065837564854411565,0.02062993316227985,0.013692483567473667
mom_pos_count_90,0.013023023818398847,0.026657040083983907,0.031118316727165845,0.07260122322311792,0.006940932447052762,0.0223460431247108,0.01363401626558506
reg_trend_str_360,0.011243883250223912,0.024833343432432754,0.02715595621323953,0.07155800107076005,0.006832438852278791,0.021789202729665766,0.013589460182208841
reg_resid_norm_720,0.012092480220017842,0.02567144452737319,0.03998727670077531,0.0825346316575118,0.007517524726787999,0.01967878234211689,0.013578964307355347
agg_count_360,0.010413564889792967,0.023985507145166417,0.02107420539600565,0.02779349036834233,0.010370817791174809,0.023884465385053993,0.01357194225537345
agg_sum_180,0.5066417009249733,0.5201764909419021,0.9996770330796052,0.9999996557475943,0.5026703989298578,0.5151147452175295,0.01353479001692881
agg_position_180,0.014176743934591873,0.027699169049155117,0.03135797568897972,0.09472582995742375,0.0074238854539166645,0.022772083079042788,0.013522425114563244
pos_180,0.014176743934591868,0.02769916904915511,0.03135797568897971,0.09472582995742375,0.0074238854539166645,0.02277208307904278,0.013522425114563242
der_v1_180,0.013510475438004413,0.026295315398620074,0.03040254230871796,0.057352744222451346,0.006740585940278875,0.01932076700353543,0.012784839960615661
mom_diff_180,0.013510482829027597,0.0262953108468771,0.030402542308717966,0.057352744222451346,0.006740591149589841,0.019320762713493263,0.012784828017849501
dir_180,0.01204750636328304,0.024672885137843218,0.029721740364206176,0.060348075167432104,0.006270785118361467,0.02023416154722364,0.012625378774560178
mom_dir_180,0.012047506363283045,0.02467288513784322,0.029721740364206186,0.0603480751674321,0.006270785118361468,0.02023416154722363,0.012625378774560176
reg_direction_180,0.01200324465035366,0.02458299277895656,0.029583397315620354,0.05920630374444745,0.006243942111320738,0.020157171961093588,0.012579748128602901
reg_lin_norm_360,0.00976406487683927,0.022235826506332858,0.032000577038989106,0.07044572245571692,0.006213743904402222,0.01874066122035179,0.012471761629493587
reg_slope_180,0.006193499331950303,0.01836638909320681,0.01747247574160063,0.056809184540953246,0.0027260935482232716,0.012598186048178459,0.012172889761256508
reg_residual_360,0.012802865666768437,0.024899221782651568,0.028247794081685797,0.04871878165102709,0.006386719375191912,0.01808421006930626,0.01209635611588313
reg_mean_180,0.5094735521734326,0.5215057208978207,0.9999995565961387,0.9999998651393689,0.5054869883256038,0.5164444474427647,0.01203216872438806
agg_mean_180,0.5094735521734328,0.5215057208978204,0.9999995565961385,0.9999998651393689,0.5054869883256038,0.5164444474427646,0.012032168724387615
reg_forecast_5_360,0.012706305386866205,0.02467953846007698,0.027981656680136777,0.04807649821799962,0.006337067110918746,0.017900517630537457,0.011973233073210776
reg_zscore_180,0.011636519861844961,0.022981365580561013,0.025974342259271,0.048515041251674745,0.0056155422698072706,0.018440290741489188,0.011344845718716051
zscore_180,0.01163651986184496,0.022981365580561006,0.025974342259271012,0.048515041251674745,0.005615542269807271,0.018440290741489188,0.011344845718716046
reg_trend_str_180,0.008361247132618424,0.019034109585418665,0.020423197494507425,0.05317490561728745,0.00477401841815082,0.016513632069583166,0.010672862452800242
reg_resid_last_180,0.011823986598755694,0.022410909851479425,0.026344291093983587,0.04089812411237072,0.005721572494324602,0.01601238740923318,0.01058692325272373
reg_deviation_180,0.011823986598755692,0.02241090985147942,0.02634429109398359,0.04089812411237072,0.005721572494324601,0.01601238740923318,0.010586923252723729
reg_lin_term_180,0.007968694449121851,0.018434185262613288,0.02241973302851558,0.05421471256877469,0.004358021297477607,0.014667267328237157,0.010465490813491437
mom_roc_smooth_90,0.008722058294739566,0.019104340075152396,0.023601432263246035,0.04919284588455265,0.0057953232330910836,0.014791948178961031,0.01038228178041283
reg_lin_norm_180,0.006896912227062997,0.016752472416868138,0.02221313448288334,0.05521133222196358,0.004118719077356851,0.013567687968923957,0.009855560189805141
mom_roc_180,0.00935728249423641,0.01902479231711802,0.03048536691046919,0.05839696239295679,0.005656654718523128,0.01395975185008692,0.009667509822881611
align_zscore_diff_720_1440,0.012114965167983896,0.02154668075776674,0.030907358462888442,0.06874064737707558,0.011735123763239222,0.02098745639566229,0.009431715589782844
reg_resid_skew_720,0.011306142988384775,0.02071415871792935,0.02952208872807437,0.054369479799511435,0.006181039097889976,0.01665416126813033,0.009408015729544576
agg_count_180,0.007367988017523049,0.016733236133619527,0.01497953325503203,0.019623813222510163,0.0073311985518603705,0.016651295265409972,0.00936524811609648
pos_90,0.010744745490058145,0.019730325369401027,0.02470589318378296,0.06973914752659449,0.005267077605502353,0.015972649645149155,0.008985579879342882
agg_position_90,0.010744745490058147,0.019730325369401024,0.024705893183782968,0.06973914752659452,0.005267077605502353,0.01597264964514915,0.008985579879342877
dir_90,0.00861531877139138,0.01742012540814374,0.021261682605476742,0.03899552131401958,0.0042045904609421475,0.014072816812852003,0.00880480663675236
mom_dir_90,0.00861531877139138,0.017420125408143736,0.021261682605476746,0.03899552131401958,0.0042045904609421475,0.014072816812852008,0.008804806636752356
mom_pos_count_45,0.00963480142004414,0.018421258688630003,0.02177720951434666,0.05417951617854683,0.005160850880077541,0.015317745535187294,0.008786457268585863
reg_direction_90,0.00856827601615248,0.017343883656733287,0.02115753100133642,0.03919326252345737,0.0041821573283053505,0.01399013708053555,0.008775607640580807
agg_sum_90,0.5056059987569391,0.5143780397701898,0.999839088035047,0.9999993174533203,0.502467659333144,0.510134862004038,0.008772041013250687
reg_slope_90,0.0041065968038897956,0.012702010820020608,0.010268890415057127,0.03154092274770945,0.0020248640396859927,0.008565179344236132,0.008595414016130813
align_zscore_diff_360_720,0.010810649787138782,0.01908030255082283,0.028469050277306788,0.06402522409757759,0.010512058240411723,0.01869296668462282,0.008269652763684047
agg_mean_90,0.5070294385270749,0.5150351048991567,0.9999991249098434,0.999999718243452,0.5038838704294504,0.5107920523857854,0.008005666372081777
reg_mean_90,0.5070294385270748,0.5150351048991566,0.9999991249098433,0.9999997182434518,0.5038838704294504,0.5107920523857857,0.008005666372081777
der_v1_90,0.009694098914621798,0.017670913205094202,0.02134947284100432,0.03298996333610225,0.0046226235093317644,0.012259081873428399,0.007976814290472404
mom_diff_90,0.009694086583749244,0.017670885247440923,0.02134947284100432,0.032989963336102254,0.004622613906406369,0.012259054108983126,0.007976798663691678
reg_trend_str_90,0.006219053652511479,0.014184292619984674,0.014656099589820736,0.040663720436314915,0.0032670328905661304,0.012158814636915339,0.007965238967473195
reg_resid_norm_360,0.008713225565357025,0.016312804525019767,0.02812135163340729,0.0497105441855273,0.0052934515823994605,0.011393205187896835,0.0075995789596627426
reg_quad_term_90,0.0042418908821844565,0.011760014730117837,0.010929032202830443,0.027378322874271558,0.0007618124998871255,0.009507066092929988,0.0075181238479333804
reg_acceleration_90,0.004241890882184458,0.011760014730117833,0.010929032202830412,0.02737832287427151,0.0007618124998871256,0.009507066092929988,0.007518123847933375
reg_lin_norm_90,0.00485151572374296,0.011957456963178698,0.015194024890625097,0.03855049728659454,0.0028251296484277863,0.009338650869152884,0.007105941239435738
reg_zscore_90,0.008765986690990608,0.015776120187423245,0.018089091389623297,0.03570371115033439,0.0038839052756371667,0.012398585099693082,0.007010133496432636
zscore_90,0.008765986690990607,0.01577612018742324,0.018089091389623304,0.035703711150334404,0.003883905275637166,0.012398585099693082,0.007010133496432635
mom_roc_smooth_45,0.007681058587830679,0.0146628058042831,0.018637056082969866,0.03151509539619064,0.005247648420618465,0.011027921212681025,0.00698174721645242
reg_residual_180,0.009490794461575745,0.016458674670376275,0.019807031884375825,0.028859658044128756,0.004344569704095294,0.011246041810818206,0.00696788020880053
align_pos_diff_360_720,0.008524205930606987,0.015474792031970495,0.026880008540193435,0.055881621450458066,0.008097241143011169,0.015024297939210712,0.006950586101363508
align_pos_diff_720_1440,0.011668296202745433,0.018486555061804636,0.03493568069599171,0.0671298570393727,0.010967358302145895,0.017795050552392975,0.006818258859059203
reg_forecast_5_180,0.009355317277514938,0.016132046883453304,0.019433463326440616,0.028654700516366836,0.004271499860904886,0.011002757581020687,0.006776729605938366
reg_quad_term_180,0.006625382295940708,0.013275126248330603,0.01657511864878829,0.025699763268908223,0.0015430439961051847,0.00998655381584071,0.006649743952389895
reg_acceleration_180,0.00662538229594071,0.013275126248330604,0.01657511864878824,0.025699763268908157,0.0015430439961051851,0.00998655381584071,0.006649743952389894
mom_zscore_45,0.002743318514896168,0.009377542531203327,0.00680008733414193,0.018301506872686737,0.0011548784176867424,0.008171244467312044,0.006634224016307159
mom_zscore_90,0.004817499428594221,0.011407360423267782,0.011270276277270659,0.021931378665154103,0.0020326734122629877,0.009443789694268902,0.006589860994673561
reg_lin_term_90,0.005950777190789517,0.012526434208465477,0.015334706285841503,0.03775690133479673,0.002921554097196097,0.009523335244061452,0.00657565701767596
reg_first_90,0.5044327332654411,0.510748448771444,0.9999938312392471,0.9999982192909688,0.5024635451138559,0.5083087530553537,0.00631571550600285
reg_const_term_90,0.5044327332654411,0.510748448771444,0.9999938312392476,0.9999982192909688,0.5024635451138559,0.5083087530553536,0.00631571550600285
reg_const_term_45,0.5044739583638856,0.5107527896212615,0.9999962168328212,0.9999986985462471,0.5023673830885115,0.5079889777017019,0.006278831257375828
reg_first_45,0.5044739583638856,0.5107527896212615,0.9999962168328212,0.9999986985462472,0.5023673830885115,0.507988977701702,0.006278831257375828
reg_const_term_180,0.5043749572177089,0.510550997447209,0.9999885360258877,0.9999968494159769,0.5025485935220586,0.5085037761979528,0.006176040229500135
reg_first_180,0.504374957217709,0.5105509974472089,0.9999885360258878,0.9999968494159772,0.5025485935220586,0.508503776197953,0.006176040229499913
agg_count_90,0.005205780148607843,0.011326462973488823,0.010594542148115648,0.013853684418173978,0.005172710782615426,0.011265488441065773,0.00612068282488098
reg_first_2880,0.5026484027783225,0.5087222902736541,0.999656111378058,0.9998793882057675,0.5003654796556299,0.5076107516006817,0.006073887495331665
reg_const_term_2880,0.5026484027783227,0.5087222902736541,0.999656111378058,0.9998793882057673,0.5003654796556298,0.5076107516006817,0.0060738874953314426
pos_45,0.0078421287839249,0.013860030707867385,0.01782155680097956,0.04921992496079078,0.0039108361353993515,0.01146197337978825,0.006017901923942486
agg_position_45,0.007842128783924901,0.013860030707867385,0.017821556800979566,0.04921992496079078,0.003910836135399352,0.01146197337978825,0.006017901923942484
reg_const_term_720,0.5041585935215404,0.5100413808586612,0.9999559480998378,0.9999862109387132,0.5025772239503369,0.5088718032753374,0.005882787337120887
reg_first_720,0.5041585935215404,0.5100413808586612,0.9999559480998377,0.9999862109387132,0.5025772239503369,0.5088718032753375,0.005882787337120887
reg_const_term_360,0.5042670383191009,0.5100649318794123,0.9999778280355875,0.9999938363666061,0.5026264579633268,0.5085166334700846,0.005797893560311351
reg_first_360,0.504267038319101,0.5100649318794123,0.9999778280355875,0.9999938363666061,0.5026264579633268,0.5085166334700846,0.00579789356031124
reg_first_1440,0.5039230620599807,0.5097019066058373,0.9999104379893474,0.9999676220112225,0.5020505760014031,0.5086910552281335,0.005778844545856532
reg_const_term_1440,0.5039230620599807,0.5097019066058371,0.9999104379893473,0.9999676220112225,0.5020505760014033,0.5086910552281334,0.005778844545856421
align_trend_360_720,0.0038444205851136904,0.009395963393743783,0.014410075551330833,0.038584899287639814,0.003597236603968711,0.00912398275814929,0.005551542808630092
reg_ci_lower_45,0.5087535942920947,0.5143036182219282,0.9999979641797925,0.9999993226974272,0.5044904216151657,0.5113941270546413,0.005550023929833503
reg_forecast_5_45,0.00450521688037375,0.010020250745895814,0.008886773641856914,0.024346180873478673,0.0018943059657247764,0.008207243054450388,0.005515033865522064
reg_deviation_90,0.008899106769135502,0.014410561374194431,0.018425664189032114,0.029653396904215944,0.0039017484428258706,0.009799517769656582,0.005511454605058929
reg_resid_last_90,0.008899106769135504,0.014410561374194428,0.018425664189032118,0.029653396904215958,0.003901748442825871,0.009799517769656584,0.005511454605058924
reg_quad_term_45,0.0027845465008093594,0.008287265237253984,0.006019114947309772,0.017964173397282263,0.00035861223922321363,0.00671046634902064,0.005502718736444624
reg_acceleration_45,0.0027845465008093603,0.00828726523725398,0.006019114947309749,0.017964173397282256,0.0003586122392232135,0.00671046634902064,0.005502718736444621
reg_slope_45,0.0036602741978784465,0.00911350725704702,0.00928504426261633,0.022378733405731772,0.0016163572198025688,0.0067531958043552005,0.005453233059168575
reg_curv_sign_180,0.004856588998985277,0.010297339703897991,0.01071748597671422,0.02055096294336311,0.0019648942403543176,0.00813984776972144,0.005440750704912714
reg_residual_45,0.004808750710858092,0.010173684388911327,0.009587124112200657,0.02499047756709868,0.0020347685038911317,0.008236312656557627,0.005364933678053236
reg_curv_sign_90,0.00291274001050106,0.008269242341683605,0.006596397304737593,0.01591960471003905,0.001110514170617828,0.006878843133451192,0.005356502331182544
reg_ci_lower_90,0.5084869381090941,0.5137295307090992,0.9999979749815153,0.9999993086087426,0.5042474315948354,0.510802587171193,0.005242592600005147
agg_sum_45,0.5048468565631569,0.5100575019209969,0.999920364711505,0.9999992599052321,0.5022250436521889,0.5064639517321441,0.005210645357839994
dir_45,0.006700352597931837,0.011881179020607957,0.0135495710462077,0.03103932893166485,0.0031222214056657103,0.009329924196338527,0.005180826422676119
mom_dir_45,0.006700352597931839,0.011881179020607957,0.013549571046207706,0.03103932893166485,0.0031222214056657103,0.009329924196338523,0.0051808264226761176
align_trend_720_1440,0.0052090107982544495,0.010357244482276226,0.02340879521487276,0.04232952499714902,0.004861360917704083,0.010004895969570413,0.005148233684021776
reg_resid_skew_360,0.008141713230277056,0.013262014166790249,0.018297338855235972,0.041746274771035305,0.004443491296428662,0.0101777699095891,0.005120300936513193
reg_direction_45,0.006660130441422832,0.011770043957720442,0.013515791628049643,0.030856654355545382,0.0030971333411816734,0.009255522283484006,0.00510991351629761
mom_zscore_180,0.006534603562185577,0.011642685453622164,0.015534735467876266,0.021458989864452063,0.0026696443463159795,0.008891826938372269,0.005108081891436587
align_mean_720_1440,0.005546640469912846,0.01061066248510498,0.014521832520185421,0.02893573285084238,0.005335424648816702,0.010358381388928055,0.0050640220151921345
align_trend_score,0.004773633070674508,0.009747376171937723,0.02100190188968813,0.03376553136707339,0.004488738532001046,0.00944192116736793,0.004973743101263215
align_unanimous,0.004660500692092189,0.009611750307622829,0.020222369851733837,0.03416282794217732,0.004334795684606458,0.009310516395772827,0.00495124961553064
reg_zscore_45,0.006370251456234649,0.011222725008616267,0.012824599807189922,0.02416395490484937,0.002839806520671103,0.009011835197082884,0.004852473552381617
zscore_45,0.006370251456234651,0.011222725008616267,0.012824599807189925,0.024163954904849377,0.0028398065206711024,0.009011835197082879,0.004852473552381616
reg_mean_45,0.5055497946813916,0.5103830636794989,0.9999990584192471,0.9999997005702378,0.5029249538040709,0.5067894688415788,0.004833268998107321
agg_mean_45,0.5055497946813916,0.5103830636794986,0.9999990584192471,0.9999997005702376,0.502924953804071,0.5067894688415788,0.004833268998106988
reg_quad_norm_90,0.003215767300032957,0.008020066701002486,0.010755984727691242,0.02789697371265166,0.0009240779845228711,0.006536158726090293,0.00480429940096953
reg_acceleration_360,0.008982050146264037,0.013774140006604511,0.024184264787861655,0.02751782380038254,0.0028176170207293494,0.009783041686615706,0.004792089860340474
reg_quad_term_360,0.008982050146264041,0.013774140006604504,0.024184264787861526,0.027517823800382528,0.0028176170207293494,0.009783041686615703,0.004792089860340463
reg_resid_kurt_2880,0.006801701475613107,0.011444655629231908,0.01589512945053859,0.03023416888114808,0.005985980611411445,0.010378514621076768,0.0046429541536188
mom_roc_90,0.006744562812984458,0.01124285916800414,0.021499086849610823,0.030763250211642335,0.004032533887446868,0.007306342657136145,0.004498296355019681
reg_ci_upper_45,0.5082411800979593,0.5127346867242697,0.999998005701446,0.9999992111536815,0.5050454837760741,0.5104958113819071,0.004493506626310428
reg_curv_sign_45,0.0020522123204053037,0.006539109564610699,0.006040528501502346,0.012930918497831735,0.0007383509521109017,0.005577003882411605,0.004486897244205396
reg_trend_str_45,0.004960079251691885,0.0094404422175509,0.010601364585472301,0.030122686353569256,0.0024382479434982675,0.007729953194855469,0.004480362965859014
reg_deviation_45,0.006307930738541719,0.01061834072168796,0.012816660757950044,0.026886171999378098,0.002685942749186473,0.008136599279729602,0.004310409983146241
reg_resid_last_45,0.00630793073854172,0.01061834072168796,0.012816660757950044,0.026886171999378098,0.0026859427491864735,0.008136599279729602,0.00431040998314624
reg_ci_lower_180,0.5078207866962902,0.512109651449986,0.9999979904045094,0.9999993018894933,0.503637976588534,0.5091740926889733,0.004288864753695831
align_zscore_diff_90_180,0.00482238261244155,0.009055237487141661,0.015771214901793066,0.026087855452389078,0.0046555678052309524,0.008842621118579893,0.004232854874700111
agg_count_45,0.0036723683948146043,0.007811627108396959,0.007463432337900015,0.00976833266537881,0.003645085700275451,0.007764971534325502,0.0041392587135823545
align_mean_score,0.004930556326724334,0.009066185341953446,0.0146764806006304,0.02667888983195152,0.0047441808787240065,0.008867078491041494,0.004135629015229111
align_mean_360_720,0.0038489393383358225,0.007981629958321454,0.01017772233182139,0.022121737362434505,0.0036780977965769133,0.007766485336345659,0.004132690619985632
reg_ci_upper_90,0.5080046584408102,0.5121105334368824,0.9999980023205239,0.9999992450114522,0.5047940045581559,0.5098849123652737,0.0041058749960721785
reg_curv_sign_360,0.006216601086624212,0.010134946969096585,0.01798566255069459,0.024509985248326375,0.0025676074233449255,0.007496342268275121,0.003918345882472373
mom_zscore_360,0.009950845075438697,0.0138018408267787,0.024380638750364326,0.025304105716664856,0.0040490518191401955,0.00986996744434677,0.0038509957513400035
reg_resid_skew_180,0.006407228917647823,0.010120991706071511,0.013084039876420489,0.020315636332136445,0.0034477642175314207,0.0077464697219924135,0.003713762788423688
reg_quad_norm_180,0.004642836911304339,0.008327760796008393,0.016317449509934558,0.026057368463371713,0.001488222977168019,0.006286450236074168,0.0036849238847040536
reg_forecast_5_90,0.006742064510343617,0.010321389558642757,0.013278533095187122,0.026577169508998976,0.002812190676580643,0.007719281811298463,0.0035793250482991402
reg_residual_90,0.006956953685860984,0.010501771800283612,0.013794644341547957,0.026932461545996395,0.0029160539358468853,0.007794869824329375,0.0035448181144226276
reg_resid_kurt_1440,0.0062774753308310885,0.009758408711930486,0.012622978684609905,0.023528517469947337,0.005834446705433732,0.00915799338358567,0.003480933381099398
reg_quad_norm_45,0.0019383647574351172,0.0053916893089109965,0.005902761906934963,0.018348208803444302,0.0005868553367474142,0.004505328181432053,0.0034533245514758795
align_pos_diff_90_180,0.004296140772212879,0.007727922564410615,0.012704510102595165,0.01938655950460423,0.004114780576210725,0.0075090417217796674,0.0034317817921977363
align_pos_diff_180_360,0.007164832316436756,0.010570696372961638,0.020611414228574206,0.030209636822727537,0.006889318060249309,0.010262429620220217,0.0034058640565248826
mom_diff_45,0.007199095297090141,0.010579245549931776,0.014946945068032501,0.02382500655014987,0.003108863311311401,0.007370991818741119,0.003380150252841636
der_v1_45,0.007199084455060819,0.010579178102452555,0.0149469450680325,0.023825006550149866,0.003108855736991494,0.007370924643405089,0.0033800936473917364
reg_resid_skew_45,0.004017610404755676,0.007355134897631227,0.008963191353083523,0.013723589366366853,0.0020830972372647212,0.0059765924489882495,0.0033375244928755517
reg_resid_kurt_720,0.004426154804905524,0.007744909967294955,0.009938897073673379,0.018323552291528503,0.004171190426157068,0.00737619023574178,0.0033187551623894314
reg_curv_sign_2880,0.015635376214934184,0.01895275352692765,0.04306538640275025,0.04466527794816972,0.007595194661795676,0.013923142250912143,0.0033173773119934656
reg_resid_skew_90,0.005397144243082523,0.00869658815208009,0.011195487699292427,0.01897577727639968,0.002807915491182593,0.006791837397896186,0.0032994439089975664
align_zscore_diff_45_90,0.0033143580546722206,0.006545346968258647,0.010350863029566748,0.0167403870345283,0.0031770810193598453,0.006389764845622133,0.0032309889135864267
align_trend_180_360,0.003171763951487133,0.00638058710515275,0.0108908372943289,0.021951887162768746,0.0029876182962403474,0.006178443693947563,0.003208823153665617
reg_ci_lower_360,0.507063567620908,0.5102576481930537,0.9999979979508387,0.9999992985479951,0.5030209356317359,0.5073260358270372,0.0031940805721457632
reg_ci_upper_180,0.5073544516152417,0.5105114372281246,0.9999979956934444,0.9999992679906056,0.5042001993546376,0.5083074391587489,0.003156985612882912
align_zscore_diff_180_360,0.007142367688654956,0.010218346687083959,0.015564665948376208,0.024821711853861624,0.006875425969599684,0.00990424724144931,0.0030759789984290027
reg_lin_term_45,0.0046742479835947814,0.007738493268344509,0.010142153052578724,0.015985984481183952,0.002030686078724688,0.004964924243844209,0.0030642452847497274
reg_curv_sign_720,0.009281603696645766,0.012311570576646256,0.025920746974376498,0.029339012965981584,0.004125645187528733,0.008992063259281511,0.0030299668800004894
reg_lin_norm_45,0.0034172714934543554,0.006200563048236437,0.010043527920457587,0.016010706759044636,0.0020371749369016007,0.004232937897047695,0.002783291554782081
vol_zscore_720,0.003932695240914929,0.0066328199375820796,0.009079664840375397,0.0165920811646546,0.003390715272854038,0.006076170881930508,0.002700124696667151
reg_resid_norm_180,0.006234958490106723,0.008868080652941677,0.019789077024356203,0.02355871861362019,0.0037274718410973597,0.005347173788264765,0.0026331221628349537
reg_acceleration_720,0.012383657970098196,0.014884522268076857,0.034278762848520626,0.02931889748542781,0.004626069196131398,0.00987910957515352,0.002500864297978661
reg_quad_term_720,0.012383657970098196,0.014884522268076851,0.0342787628485207,0.029318897485427788,0.0046260691961313985,0.00987910957515352,0.002500864297978656
align_trend_90_180,0.00252414196005052,0.004975320338654925,0.01114796074006308,0.02327344314692251,0.0023928024532543415,0.004800720114969825,0.0024511783786044052
reg_curv_sign_1440,0.012900878407161488,0.015293551025025998,0.03555857122821638,0.038225464952492974,0.0064499264450560475,0.011246100556053278,0.0023926726178645098
align_pos_diff_45_90,0.0024932659939739905,0.004884624656896437,0.009149222205201375,0.011661056332453056,0.0023642999182759347,0.004747131444886574,0.0023913586629224466
vol_zscore_360,0.002073778525566462,0.004377108048554961,0.00623085040239027,0.011275600797033667,0.0017167436575933014,0.003998986270839544,0.0023033295229884987
align_trend_45_90,0.0025546412536511924,0.004779331052831447,0.008995066213417821,0.019857468720918262,0.0024652603014217664,0.004650703502339853,0.0022246897991802547
reg_ci_lower_720,0.5063945509578616,0.5086161906833253,0.9999980063493287,0.9999992943959619,0.5025735643113635,0.5057007585789804,0.002221639725463742
align_mean_90_180,0.0020568556104299677,0.004231342054028674,0.006811517061031205,0.018785824947312152,0.0019594266351956584,0.004096332432312854,0.002174486443598706
align_mean_180_360,0.003388855216692695,0.00556016755989563,0.00833271140913039,0.01716974262791724,0.003253183727589283,0.005386355977828223,0.002171312343202935
reg_ci_upper_360,0.5066073083104626,0.5087510301999596,0.9999980008651329,0.9999992778941383,0.5035700054429224,0.5065316751622978,0.0021437218894969634
reg_resid_kurt_360,0.004279024862446765,0.006267372179072849,0.007872467168101449,0.015159607792361602,0.004104883627191657,0.006026872594041024,0.0019883473166260835
der_v2_90,0.0009694858747016454,0.002891846740713947,0.002292132662579428,0.006312524518874476,0.0001951540251153539,0.0023901138481556158,0.001922360866012302
der_v2_180,0.001032664788058948,0.002930632845923603,0.0025334463040344955,0.006166674119833714,0.0002744249605992101,0.0024335515852196114,0.0018979680578646552
der_v2_1440,0.001066936369016764,0.0029131070769340354,0.0027101100754326536,0.0053414311188187905,0.0005174732109032284,0.002543078864983948,0.0018461707079172713
der_v2_360,0.0010539097853950342,0.0028985322910863648,0.0026645190530951613,0.005540312281235459,0.0003615343984506726,0.0024478576236030896,0.0018446225056913306
der_v2_45,0.0007778901639742492,0.002615153025614547,0.0018002743515223327,0.005991415602774078,0.00012097088823750684,0.0021879572235752624,0.001837262861640298
der_v2_720,0.001061183524186362,0.0028790085694057168,0.00272196626391827,0.0052577838381902215,0.0004450316052701848,0.0024747317495029874,0.0018178250452193549
reg_resid_kurt_90,0.0029291951622139097,0.004730992801550898,0.005504223881154856,0.01349577079209182,0.002836805812735646,0.004603559755848687,0.0018017976393369887
der_v2_2880,0.0010312051680086219,0.0027940597639205945,0.00254332270565079,0.0049842441599540965,0.000544406983080769,0.0024614213345426385,0.0017628545959119727
reg_resid_kurt_45,0.002353004121940184,0.004045535128719512,0.005360058592787083,0.009582654957516328,0.0022810082185936464,0.003952007262059755,0.0016925310067793277
reg_r2_180,0.0024097323780957855,0.0040981972335401035,0.004894775765899953,0.011591742248179042,0.002392869752893867,0.0040486056220361355,0.001688464855444318
reg_resid_kurt_180,0.003637236821851872,0.0053101685451293155,0.006817503344752997,0.014287102384005037,0.003518925413323057,0.005149256545336378,0.0016729317232774435
reg_r2_2880,0.003733960194744921,0.00540165876922002,0.007544723431575098,0.029728954137801213,0.0037106759987188096,0.00532715595737836,0.0016676985744750994
vol_zscore_90,0.0018617014660559862,0.003476400990124358,0.004769735349933928,0.009549837235969423,0.0017027063184449182,0.003304409831263324,0.0016146995240683719
align_mean_45_90,0.0013613715783461304,0.002924240977572042,0.005236335303305174,0.008643195439503476,0.0012989479835230635,0.0028205255993446164,0.0015628693992259114
vol_zscore_180,0.0020389608886357,0.0035959814823515483,0.006209712219724754,0.012122298255152947,0.001806881458830424,0.0033566021410972044,0.0015570205937158483
reg_quad_norm_360,0.0066371050309871294,0.008116693525475501,0.023794255848375714,0.027192585487954432,0.002569835376541479,0.005491999106609014,0.0014795884944883717
reg_ci_lower_1440,0.5058734547593683,0.5073155217301277,0.9999980133215025,0.9999992873892161,0.5022998683012113,0.5044272517827738,0.001442066970759437
vol_zscore_45,0.0015745856834232556,0.0029129052070091376,0.004782196777090227,0.009887925988489322,0.0014688051440429513,0.0027872896648501737,0.001338319523585882
mom_zscore_720,0.013727538161769592,0.015061623957788553,0.03919976763286922,0.0341082457886377,0.005775141773678748,0.01022100172757733,0.0013340857960189613
reg_ci_upper_720,0.5059540321480792,0.5071878735332774,0.9999980053598935,0.9999992841477975,0.5030635952961129,0.5050198284582067,0.00123384138519822
reg_resid_norm_45,0.003302840991979933,0.0043723252008584035,0.009656677322213944,0.014412678744304954,0.0019847460810736074,0.0033543840776698473,0.0010694842088784704
reg_r2_360,0.0027347492964579947,0.003645697835611594,0.005552033597356109,0.015679737880272587,0.0027174558930350397,0.0035958818663852305,0.0009109485391535993
reg_ci_lower_2880,0.5054705292646583,0.5063146048671429,0.9999980246588003,0.9999992844807692,0.5021781809320651,0.5034871118719391,0.0008440756024845619
reg_r2_1440,0.0033976746881835573,0.004038534531317025,0.006887709487295741,0.024714052693356213,0.0033788571026189085,0.003984011456568348,0.0006408598431334677
reg_r2_90,0.0020916163482469054,0.0026935396377902195,0.004247143088275148,0.0076250965150330965,0.00207581585507329,0.0026458786951480367,0.0006019232895433141
reg_ci_upper_1440,0.5054310232488457,0.5059683709361791,0.9999980168298238,0.999999283525089,0.5027428044232747,0.5038442049916674,0.0005373476873333782
mom_zscore_1440,0.017755289638730843,0.0182108363230812,0.04594949472814467,0.037361182809629113,0.00755826832211017,0.012276780729767798,0.0004555466843503553
reg_r2_720,0.0030648829811747384,0.003515008418193775,0.006219274795115499,0.020022581092886106,0.0030469768046886268,0.0034667485489173516,0.00045012543701903685
reg_r2_45,0.001783071246870124,0.0022039735737946395,0.003618024597455864,0.004742052549592814,0.0017688074873567043,0.0021640741252514613,0.0004209023269245156
reg_quad_term_1440,0.01638606149939267,0.01674917312547977,0.047931784362105226,0.04621764853336015,0.006845601996873159,0.010810928225151293,0.0003631116260871016
reg_acceleration_1440,0.01638606149939268,0.01674917312547976,0.04793178436210542,0.0462176485333601,0.006845601996873161,0.010810928225151293,0.0003631116260870808
reg_ci_upper_2880,0.5051008516043789,0.505180598971897,0.9999980241384198,0.9999992839789832,0.5025391664932456,0.5030137706147308,7.974736751814593e-05
der_v3_composite,2.073985086467434e-05,5.7698978194570574e-05,8.083780373979473e-05,0.00037410529049832256,4.066553179957167e-06,4.6018481289883583e-05,3.695912732989623e-05
mom_roc_45,0.004949457146749485,0.004840444737146296,0.015130347597225438,0.013748323711063928,0.0029544089797878086,0.002965838612925587,-0.00010901240960318852
reg_quad_norm_720,0.00919886810464207,0.008903836087536804,0.033719246871643516,0.0300621024429701,0.0038985170549049957,0.005486575721737121,-0.00029503201710526575
reg_resid_norm_90,0.004490489088015304,0.003968632940318853,0.013891089049592485,0.012068667056700613,0.0026584130147653457,0.0026566692504717613,-0.0005218561476964508
reg_quad_term_2880,0.021301670786284456,0.01956670300011696,0.06231220126890766,0.05027323764882815,0.008945703795974244,0.012176461577018375,-0.0017349677861674961
reg_acceleration_2880,0.021301670786284463,0.019566703000116956,0.06231220126890785,0.050273237648828156,0.008945703795974246,0.012176461577018375,-0.0017349677861675065
reg_quad_norm_1440,0.012828132796833975,0.010581650206773312,0.04721385719581243,0.045155985795099905,0.005654430926330771,0.006124422893641793,-0.002246482590060663
reg_quad_norm_2880,0.01738428061015292,0.013350608236444966,0.06186528672686077,0.05125588779491097,0.0072256168045258945,0.007530781972792596,-0.004033672373707954
